{
  "cagr": 0.1744081565645137,
  "vol": 0.17828704363029738,
  "sharpe": 0.9910876843626195,
  "max_dd": -0.2656795638493904
}