{
  "cagr": 0.2845569477719041,
  "vol": 0.2541634072804024,
  "sharpe": 1.1154030217999746,
  "max_dd": -0.4023685705647775
}