{
  "cagr": 0.2844727132551035,
  "vol": 0.25413280816094,
  "sharpe": 1.1155014224810471,
  "max_dd": -0.4023685705647775
}